url	verb	hash	graphname
https://search.idigbio.org/v2/search/records/?rq=%7B%22genus%22%3A%22Menopon%22%2c%22hasImage%22%3A%22true%22%7D	http://purl.org/pav/hasVersion	hash://sha256/f9da53dd9f274f98cec61ebb4a0aa9e772bfd0309793adb97e416359c2958296	urn:uuid:8240499b-0467-46b4-9ca6-d7b2ee4932be
https://search.idigbio.org/v2/view/mediarecords/5b2e89ad-f0a2-469e-9d16-d8159bb43aa2	http://purl.org/pav/hasVersion	hash://sha256/ce29f6dd13013c139b2da520cd56de26a611c91d9b5f4adae2bb1f2f81dca6b5	urn:uuid:fe00719d-ca32-44b1-9261-a4b10e4b9676
https://api.idigbio.org/v2/media/5b2e89ad-f0a2-469e-9d16-d8159bb43aa2?size=thumbnail	http://purl.org/pav/hasVersion	hash://sha256/6de78ca59dd4c88fa41aed3f344afe8ce602c031ea264e4510eecd5538e5ba12	urn:uuid:236630d2-577f-4d58-9681-1adc8a16e684
https://api.idigbio.org/v2/media/5b2e89ad-f0a2-469e-9d16-d8159bb43aa2?size=webview	http://purl.org/pav/hasVersion	hash://sha256/7d494dc28fb967a023bb1bec0b473fcf07d74e06e52bcb9e8f2da5f266b8aa2d	urn:uuid:51e3c764-2a81-4f30-bb2e-8466d08e9d81
https://api.idigbio.org/v2/media/5b2e89ad-f0a2-469e-9d16-d8159bb43aa2?size=fullsize	http://purl.org/pav/hasVersion	hash://sha256/b07bb748fdebdf662630b34da34c54a8d67edfede1f23c2456ad420a42c93e28	urn:uuid:77d34c33-7bab-4e7c-890f-188650e07668
https://search.idigbio.org/v2/view/mediarecords/e663bd73-ab81-4945-86b0-45d6b1c32fad	http://purl.org/pav/hasVersion	hash://sha256/2680acee2404f25a5433639341817880c04f9ecff71748f57a1f7aed6c44d349	urn:uuid:38fcd71e-f9ad-43ab-b344-0c9507e7ae54
https://api.idigbio.org/v2/media/e663bd73-ab81-4945-86b0-45d6b1c32fad?size=thumbnail	http://purl.org/pav/hasVersion	hash://sha256/25f35a3409a160b0ae77df5bdfd1f1c573e542472ee3bd1dd1cb5cbab91d6ba0	urn:uuid:243f2b7d-d2a8-4fb4-ac3e-e9fd287e404b
https://api.idigbio.org/v2/media/e663bd73-ab81-4945-86b0-45d6b1c32fad?size=webview	http://purl.org/pav/hasVersion	hash://sha256/33e51b23f69aa9802adf461bf14312e94b814359094de9c9e8618c79ebb6493e	urn:uuid:e02edd8a-bdaa-4a2a-a878-cce76f74e917
https://api.idigbio.org/v2/media/e663bd73-ab81-4945-86b0-45d6b1c32fad?size=fullsize	http://purl.org/pav/hasVersion	hash://sha256/559cf9e0ad124419c5fc1f8e8c4565418da0f62bf63d8a9b9ce7ea50f5adb2ed	urn:uuid:501dcd2e-e1ba-4a3d-a2c0-43e6790900da
https://search.idigbio.org/v2/view/mediarecords/b5fd6c00-eeb4-4958-9d7b-c7d04f02c34d	http://purl.org/pav/hasVersion	hash://sha256/fdd97ce4e9e13a55b039d8972cc52aecfe3a4d6ab54a04dba359aa4e11f2d9fa	urn:uuid:f9a62d2f-5fe9-488e-80c7-a8d5e90cb5d7
https://api.idigbio.org/v2/media/b5fd6c00-eeb4-4958-9d7b-c7d04f02c34d?size=thumbnail	http://purl.org/pav/hasVersion	hash://sha256/28b22b41708e91d67b86ce133dc1d83551b330e5e14ffa4c7b465decb55fcd1b	urn:uuid:bdf6062b-cae6-4551-b45f-9ec6532d8100
https://api.idigbio.org/v2/media/b5fd6c00-eeb4-4958-9d7b-c7d04f02c34d?size=webview	http://purl.org/pav/hasVersion	hash://sha256/f70f30f8c2a60a5c7899e63f7b6ab1e006bb0fb577d49121f04af5e0ae67a3fe	urn:uuid:8409250c-4b8c-4df4-85b6-c17dfc0c7855
https://api.idigbio.org/v2/media/b5fd6c00-eeb4-4958-9d7b-c7d04f02c34d?size=fullsize	http://purl.org/pav/hasVersion	hash://sha256/b12fa60d30b7beafaf3c54298dc82e9f86e177dcb226cc5204415854e56597ce	urn:uuid:24e9fb46-2f5b-4e09-9ab5-c343b46fb771
https://search.idigbio.org/v2/view/mediarecords/2b012b1a-6896-4868-b166-f73778c10c0d	http://purl.org/pav/hasVersion	hash://sha256/fdadb3b1e1001a76c0684015e1459488b907e22df89283e82e3cddd5985c1709	urn:uuid:ff444394-8e99-46f5-bec6-3f2ca4d469c7
https://api.idigbio.org/v2/media/2b012b1a-6896-4868-b166-f73778c10c0d?size=thumbnail	http://purl.org/pav/hasVersion	hash://sha256/a8e967478d0a3f60795203077b93cf858cb2af80ad4f4eef727dcec6b1ac27cd	urn:uuid:23500126-4a48-44e6-b929-75241d16dfa3
https://api.idigbio.org/v2/media/2b012b1a-6896-4868-b166-f73778c10c0d?size=webview	http://purl.org/pav/hasVersion	hash://sha256/71e8b278bc7f24a683697f045fc07381a61c555146e5612741dd4d0e572ef362	urn:uuid:7ad687a9-2e40-4e27-ac0c-56cb921b6cc0
https://api.idigbio.org/v2/media/2b012b1a-6896-4868-b166-f73778c10c0d?size=fullsize	http://purl.org/pav/hasVersion	hash://sha256/54303eb6ea1ec7437f9e0451f19a7adf063a5800a69e24d6c277f83f08c2de37	urn:uuid:b6e74114-8b70-4972-b8ec-4af8789e60ba
https://search.idigbio.org/v2/view/mediarecords/7b64b150-5e30-4dc8-8c88-2bd5098b14f3	http://purl.org/pav/hasVersion	hash://sha256/06343c9c7224b15aa683cd78e12bd5e0a327facb1b83095535e19c5a4bb8655f	urn:uuid:972bcc9a-26ab-4e84-a8bf-b3c5fdb6915b
https://api.idigbio.org/v2/media/7b64b150-5e30-4dc8-8c88-2bd5098b14f3?size=thumbnail	http://purl.org/pav/hasVersion	hash://sha256/857058c7b8b6e6b59e4434f5ac81dd33a34936bc3438d3bb0435f033ab2ec108	urn:uuid:ac2cb14d-f0d1-445f-8faa-593e7c4f2a00
https://api.idigbio.org/v2/media/7b64b150-5e30-4dc8-8c88-2bd5098b14f3?size=webview	http://purl.org/pav/hasVersion	hash://sha256/f123c51fd19d12de51d5b100c701115b7c782b99deedce931a5c8169464be2ba	urn:uuid:09bbffc6-eaa5-403c-8f17-19bd0d66feba
https://api.idigbio.org/v2/media/7b64b150-5e30-4dc8-8c88-2bd5098b14f3?size=fullsize	http://purl.org/pav/hasVersion	hash://sha256/bd478c6c45164872f2af497d9f1adff7cc43d648a6a055ecb4d0d6aaf4afc763	urn:uuid:333ef744-0473-4067-bb04-fd2d809598e1
https://search.idigbio.org/v2/view/mediarecords/d7d54df6-43f2-4c9d-b7dc-8f7c677e9dfd	http://purl.org/pav/hasVersion	hash://sha256/2b322fa1645389cfb6ce481dc3002d4ee884ab87e0ba8189e618ebd78aee28f6	urn:uuid:32f3726c-cdb4-427e-8b57-7449b7af1537
https://api.idigbio.org/v2/media/d7d54df6-43f2-4c9d-b7dc-8f7c677e9dfd?size=thumbnail	http://purl.org/pav/hasVersion	hash://sha256/791d7af6b92d0a1402b1f8ed79d9dee6fc0b9bcd6f0e88e3cf6f54e50776b584	urn:uuid:f210175c-7d5a-4839-8d9c-47366d795e06
https://api.idigbio.org/v2/media/d7d54df6-43f2-4c9d-b7dc-8f7c677e9dfd?size=webview	http://purl.org/pav/hasVersion	hash://sha256/de9f7c9ea49205ab22de1426d45de0053f3589da8fcd6a08623a75bc4b429833	urn:uuid:98e17b4c-0172-4855-a6b4-1ebbe52f17c4
https://api.idigbio.org/v2/media/d7d54df6-43f2-4c9d-b7dc-8f7c677e9dfd?size=fullsize	http://purl.org/pav/hasVersion	hash://sha256/b18df9d2aa21f56b80e8fbf731bc76387fd88fec6d10a63754b63e29a1d03248	urn:uuid:09467911-f4ec-43e0-b169-ff2d64076ba2
https://search.idigbio.org/v2/view/mediarecords/ef6dc948-f621-4718-b3e7-8f411e708cae	http://purl.org/pav/hasVersion	hash://sha256/1f47e536d2a4bddd7d4b147ffd4a616e20bf440e6f1779f2d95c2240df9461ab	urn:uuid:acc29f87-06df-4611-a4ba-f0982baab155
https://api.idigbio.org/v2/media/ef6dc948-f621-4718-b3e7-8f411e708cae?size=thumbnail	http://purl.org/pav/hasVersion	hash://sha256/f6154706efb8e7e9a03e5b5b4d2a54bf9da10a84a9d154627a666674e7466b81	urn:uuid:0ca386dd-5d6e-480c-baa4-54f791d51c24
https://api.idigbio.org/v2/media/ef6dc948-f621-4718-b3e7-8f411e708cae?size=webview	http://purl.org/pav/hasVersion	hash://sha256/0399953f87e0ff1d20112b2d853aaa21216d894a4d370bf25a2c7ae1fbbff5e0	urn:uuid:a585a008-c4e9-498b-abc6-1ae48fd46905
https://api.idigbio.org/v2/media/ef6dc948-f621-4718-b3e7-8f411e708cae?size=fullsize	http://purl.org/pav/hasVersion	hash://sha256/e10d5ace61e6a1eb4349dab724a5c407dca4d121467d07d6aa324b34f88d1e4e	urn:uuid:2d66e7ff-bdf9-466c-abed-11d643ea5e07
https://search.idigbio.org/v2/view/mediarecords/a0676f1a-f92f-441b-b1b7-08f1a3c4b2d1	http://purl.org/pav/hasVersion	hash://sha256/c9956fda49df71758dfba27675816bb8a1b977ccc0a24061da9c9a2f5c0375f4	urn:uuid:9ce25e7b-4f77-45d2-800b-d4033e2ff8ee
https://api.idigbio.org/v2/media/a0676f1a-f92f-441b-b1b7-08f1a3c4b2d1?size=thumbnail	http://purl.org/pav/hasVersion	hash://sha256/6f5209ccd1ead72fc8f3d297cb81b964a98ea5f7a105fcae7f598a2c1bab4357	urn:uuid:0a13f1f8-88fb-479b-8c5d-2ddcbd1daf91
https://api.idigbio.org/v2/media/a0676f1a-f92f-441b-b1b7-08f1a3c4b2d1?size=webview	http://purl.org/pav/hasVersion	hash://sha256/d78376894592d412276a149e948a5ce01a671ca4c6dc6106dc042c40c68d2c0a	urn:uuid:42416117-a563-45c8-a984-a9a8278dfa3d
https://api.idigbio.org/v2/media/a0676f1a-f92f-441b-b1b7-08f1a3c4b2d1?size=fullsize	http://purl.org/pav/hasVersion	hash://sha256/2694cf0bf84d39560e84262614b0ff873c35bfd212d1b530dfb359fe2de75498	urn:uuid:9fe30e87-0e92-4f8a-870a-234cdd843c4d
https://search.idigbio.org/v2/view/mediarecords/dd0224c7-dbed-4f12-b10e-9f27a0aa8b4a	http://purl.org/pav/hasVersion	hash://sha256/f546b97fc7b554088ebb6e66dd02ec92b85cf4e4be51d1ae08bdbeb866d34227	urn:uuid:a04a5a0b-ecf5-4955-a212-bf0acf5b325c
https://api.idigbio.org/v2/media/dd0224c7-dbed-4f12-b10e-9f27a0aa8b4a?size=thumbnail	http://purl.org/pav/hasVersion	hash://sha256/4a1ad74153bd4fccfa3579b730ed838bb535f8315073a0966c125ce86a90bc36	urn:uuid:5e28dac7-f662-44f1-8048-98019128b39f
https://api.idigbio.org/v2/media/dd0224c7-dbed-4f12-b10e-9f27a0aa8b4a?size=webview	http://purl.org/pav/hasVersion	hash://sha256/d7e693de5a8afdf4b6607d97fb6f379f8723d25b70fe51d1575a4830b0737249	urn:uuid:120cff40-4614-4789-82bf-b9d63107b5c5
https://api.idigbio.org/v2/media/dd0224c7-dbed-4f12-b10e-9f27a0aa8b4a?size=fullsize	http://purl.org/pav/hasVersion	hash://sha256/2a9aef8d1180a1400c914740564964ba60828c3e8832e3b47927c0f08c309d97	urn:uuid:507159e5-c294-4497-a661-9d7363950ce1
https://search.idigbio.org/v2/view/mediarecords/06492319-4a02-4b54-a042-8b7e4438155a	http://purl.org/pav/hasVersion	hash://sha256/3124ccfd75f337c279b2a639851439ba77c42786a05aeb0610d2f5def61c6d00	urn:uuid:2ef3c559-58a1-48e3-bdd7-ad6d37b140d5
https://api.idigbio.org/v2/media/06492319-4a02-4b54-a042-8b7e4438155a?size=thumbnail	http://purl.org/pav/hasVersion	hash://sha256/c2c1f8285c2be46cb227a797d799f6103b002cd492197ad4777abce388755bab	urn:uuid:78255d3d-1652-435d-b2c1-bf29a3f370db
https://api.idigbio.org/v2/media/06492319-4a02-4b54-a042-8b7e4438155a?size=webview	http://purl.org/pav/hasVersion	hash://sha256/f12f93cc5324a1e4b42a6f76308b05573a237c527f648cb01ebd9ec00fbfed3a	urn:uuid:e1798884-98d3-42e0-bce2-bf72de4e0de4
https://api.idigbio.org/v2/media/06492319-4a02-4b54-a042-8b7e4438155a?size=fullsize	http://purl.org/pav/hasVersion	hash://sha256/4421034e12c6eb57a1a3094a6b8e16549f65ecefaf8c502b6a52e230f5a1fccc	urn:uuid:1daafaf8-12df-490d-a062-3ae3d7b7af2e
https://search.idigbio.org/v2/view/mediarecords/01f29d65-10ef-4446-bdef-d0f61627c9a1	http://purl.org/pav/hasVersion	hash://sha256/0c626f5997c32f73da241452aaa7723129a662f63b7941ce15af517904118fb8	urn:uuid:40eb0057-b589-4982-a011-ce23f1b47c36
https://api.idigbio.org/v2/media/01f29d65-10ef-4446-bdef-d0f61627c9a1?size=thumbnail	http://purl.org/pav/hasVersion	hash://sha256/f52f6ff63ebd32314322dc85ead1af45757930b8ea9296860184c692627d7abd	urn:uuid:6a7a8876-422a-41cb-a428-60202ace0666
https://api.idigbio.org/v2/media/01f29d65-10ef-4446-bdef-d0f61627c9a1?size=webview	http://purl.org/pav/hasVersion	hash://sha256/709c282cc73f34ec9aa1ccfa633732c12f83d6b0c65c1cdc71784c7355674662	urn:uuid:22aed271-dce7-4c8f-bc20-2358539741d4
https://api.idigbio.org/v2/media/01f29d65-10ef-4446-bdef-d0f61627c9a1?size=fullsize	http://purl.org/pav/hasVersion	hash://sha256/10e71ce955063fb7dfdece46fe9c682a51f6d67b415df024787f200a226526c6	urn:uuid:7936fcdd-5834-4e99-bbf7-2858eb950684
https://search.idigbio.org/v2/view/mediarecords/d3b2459e-c661-4f71-bbce-ba2b59ed58e1	http://purl.org/pav/hasVersion	hash://sha256/64089c4be368389d61d572bb0e9b5939a6b0b03bf02037ddacffd932ab66d358	urn:uuid:0cec16fc-bab7-4b23-a58a-f5ccbbcb8749
https://api.idigbio.org/v2/media/d3b2459e-c661-4f71-bbce-ba2b59ed58e1?size=thumbnail	http://purl.org/pav/hasVersion	hash://sha256/c673398757596a086234f02c3513e47a96b0bbb659bb5452b42122ce9c9206ed	urn:uuid:b9f93227-21d4-4894-b4ce-0d898ecfa9a9
https://api.idigbio.org/v2/media/d3b2459e-c661-4f71-bbce-ba2b59ed58e1?size=webview	http://purl.org/pav/hasVersion	hash://sha256/29c5383b91dcfcb00f7952e28976a2f1a3f349e1c74553af8c9414b49930df0c	urn:uuid:df6adcc2-fd96-4c1c-a421-d278a70f6339
https://search.idigbio.org/v2/view/mediarecords/be13c9e1-0ab9-4fa4-b9b7-304518a14a97	http://purl.org/pav/hasVersion	hash://sha256/8825104645ce7e977e3f8992ef94508cd16e3d04ca3c28da4e597018ef7008e0	urn:uuid:41e8dda8-ac22-43d3-ae03-77e699081ed2
https://api.idigbio.org/v2/media/be13c9e1-0ab9-4fa4-b9b7-304518a14a97?size=thumbnail	http://purl.org/pav/hasVersion	hash://sha256/a6bfd75e198b452a2e2b6abed5a516ca1a822cc1003b48c2e94a28cf8b40fa91	urn:uuid:093c9cd5-1791-424e-9999-f2966f24d37a
https://api.idigbio.org/v2/media/be13c9e1-0ab9-4fa4-b9b7-304518a14a97?size=webview	http://purl.org/pav/hasVersion	hash://sha256/23c083be0cbc1f51a61852ec3a299671251a7e491db8fc4a43e1778dfb06ea0c	urn:uuid:34deb9d8-a095-4eea-8b40-847dc91dd854
https://api.idigbio.org/v2/media/be13c9e1-0ab9-4fa4-b9b7-304518a14a97?size=fullsize	http://purl.org/pav/hasVersion	hash://sha256/e4354da46e7b2bb2f86137b5caa2e62e3728f9b4420e47139ae129e669b2dd52	urn:uuid:eb987220-7443-4fbc-97e7-746d7ea436b5
https://search.idigbio.org/v2/view/mediarecords/fd0f2bdb-0f92-49f3-aef1-05a92dfcf3e5	http://purl.org/pav/hasVersion	hash://sha256/38c5daf99683d9b9c1ed6bbf8342f95c541cff91559679ef8f55d4851f2750f2	urn:uuid:ca0297bd-9450-4e0d-a533-8fa120ea1e32
https://api.idigbio.org/v2/media/fd0f2bdb-0f92-49f3-aef1-05a92dfcf3e5?size=thumbnail	http://purl.org/pav/hasVersion	hash://sha256/05e193a2ed576727b7a7ba910b0a20538c22934383f97186f98dd5932fa022b1	urn:uuid:752caa79-3710-4bcc-8326-6ed0d6a1e5f2
https://api.idigbio.org/v2/media/fd0f2bdb-0f92-49f3-aef1-05a92dfcf3e5?size=webview	http://purl.org/pav/hasVersion	hash://sha256/cbb7249a765d9a620fb1507e80d5bf6950f8669d51c3a701e7b3ae8137afc6b5	urn:uuid:e3991d9d-04d2-44e7-8463-90919849f49a
https://api.idigbio.org/v2/media/fd0f2bdb-0f92-49f3-aef1-05a92dfcf3e5?size=fullsize	http://purl.org/pav/hasVersion	hash://sha256/264112ae9f5fa43e10e19e4620e8894e693e78a496f55b136e9b600b23b7222b	urn:uuid:b973d77d-f9c6-4506-afd5-7d73bf21dbe2
https://search.idigbio.org/v2/view/mediarecords/a2fdccb2-602a-4f27-9973-e6b135962608	http://purl.org/pav/hasVersion	hash://sha256/29d1020f3186e90029d9596cda19cee9153f2e056e83df77501d43939d393e73	urn:uuid:6dfbecf6-e3db-428f-82f0-251e2d045bc8
https://api.idigbio.org/v2/media/a2fdccb2-602a-4f27-9973-e6b135962608?size=thumbnail	http://purl.org/pav/hasVersion	hash://sha256/a4457e96144a4db17368d9567d47c906954248bcda23011bd4981519c09e6307	urn:uuid:35803b89-5c75-4df0-bdb4-aca512bd569e
https://api.idigbio.org/v2/media/a2fdccb2-602a-4f27-9973-e6b135962608?size=webview	http://purl.org/pav/hasVersion	hash://sha256/8c9c0b3bf4e5bd66eac7f585bb70e1a83cc46adfec3ace1a7c42448721f462e2	urn:uuid:248e9a26-6805-4c74-82e0-71d33edbbf83
https://api.idigbio.org/v2/media/a2fdccb2-602a-4f27-9973-e6b135962608?size=fullsize	http://purl.org/pav/hasVersion	hash://sha256/663550a26bab14a0326e5ab0ec9b1932f46c7e9b7b333e751662a10d84f0f8aa	urn:uuid:d5bd1de4-0df1-4e44-8801-f8232627920e
https://search.idigbio.org/v2/view/mediarecords/c9d9f7f3-0bd4-46ba-80a7-bbd35b494117	http://purl.org/pav/hasVersion	hash://sha256/f5d1561945b2618db138ff0cfa1602507801f533fcf4b5e7003c34eb8c3e92b1	urn:uuid:65ca69c7-5613-41ac-a623-4884be3156b0
https://api.idigbio.org/v2/media/c9d9f7f3-0bd4-46ba-80a7-bbd35b494117?size=thumbnail	http://purl.org/pav/hasVersion	hash://sha256/55470ab39f0674c8b750e27663df12f460968b2b866b8350150fa01fb639a0a5	urn:uuid:bbc6cf71-6c82-4f99-b69b-b115c97cd98b
https://api.idigbio.org/v2/media/c9d9f7f3-0bd4-46ba-80a7-bbd35b494117?size=webview	http://purl.org/pav/hasVersion	hash://sha256/71220a1987cf0ec36426b5a9b68afb13065f9e78d51e1d40b1f1d42562fe5b89	urn:uuid:637aa5a0-7e5c-4225-a8c3-07f9969b7e95
https://api.idigbio.org/v2/media/c9d9f7f3-0bd4-46ba-80a7-bbd35b494117?size=fullsize	http://purl.org/pav/hasVersion	hash://sha256/fa1b460ad7ecda7294af7f56f193dae36b80a45de456e22c1515e1e3994c315a	urn:uuid:4812eead-a64e-4f07-aafa-80cfb9832cfd
https://search.idigbio.org/v2/view/mediarecords/451cdde8-7880-4b77-930d-ea0ecfd68b65	http://purl.org/pav/hasVersion	hash://sha256/edb28dc48dfb7a5215823ab6a3e0f8c60a86cad62f2cf72e3dbd9ff4ab5c0128	urn:uuid:d5a561c0-81bf-45f6-a838-3e59261ec36b
https://api.idigbio.org/v2/media/451cdde8-7880-4b77-930d-ea0ecfd68b65?size=thumbnail	http://purl.org/pav/hasVersion	hash://sha256/88d932a1ccbedfa31beb9a31a6b5f08b4507106e79072025a76d9ad39a5aa826	urn:uuid:66e24248-f708-4c88-8186-e1db0cc25db2
https://api.idigbio.org/v2/media/451cdde8-7880-4b77-930d-ea0ecfd68b65?size=webview	http://purl.org/pav/hasVersion	hash://sha256/b6012d564d2e703603b5ba51729aca76cb9ded6d8fbc8f16586b6bc38e605bf4	urn:uuid:50f27061-7064-4c18-a08c-c7acbf8820eb
https://api.idigbio.org/v2/media/451cdde8-7880-4b77-930d-ea0ecfd68b65?size=fullsize	http://purl.org/pav/hasVersion	hash://sha256/e34b0396dd3525cea87d40684d54e375631ac7fb2575e0d8a558c1029935d1dc	urn:uuid:6c943a34-3bd0-4682-8130-8a0894f90118
https://search.idigbio.org/v2/view/mediarecords/6598503b-6c29-41a5-a9da-2d6f064bafcc	http://purl.org/pav/hasVersion	hash://sha256/7e834482e1661e3c7143fcb3e1c187b80683d664c26496db7c49e0218bb97d30	urn:uuid:f0bdff55-4625-436b-b31d-8c814c136c5f
https://api.idigbio.org/v2/media/6598503b-6c29-41a5-a9da-2d6f064bafcc?size=thumbnail	http://purl.org/pav/hasVersion	hash://sha256/1f3c538890c16fe7e94fbe3650d3e8a1d0562c4ce4bce169f5f08e09db1fe8e3	urn:uuid:4295c335-e83a-40da-ba3b-46fb16cf35ba
https://api.idigbio.org/v2/media/6598503b-6c29-41a5-a9da-2d6f064bafcc?size=webview	http://purl.org/pav/hasVersion	hash://sha256/a046f95b72d6d23b2a1a55bab8d5f3f068ab6734871f74267182166263e1eb81	urn:uuid:203aa44f-68de-4ab4-99ea-218a7b61643a
https://api.idigbio.org/v2/media/6598503b-6c29-41a5-a9da-2d6f064bafcc?size=fullsize	http://purl.org/pav/hasVersion	hash://sha256/b0df8b45c6b22c14efe5bcc8942196483f7f4262d8c62f4a870a733768f1fa4a	urn:uuid:eb5353ff-5796-4c10-820e-5a34b5ff02b6
https://search.idigbio.org/v2/view/mediarecords/d29bca5d-760b-4ded-86d1-a108506dbeed	http://purl.org/pav/hasVersion	hash://sha256/cecc789998483bd2c8078ad836de3233c01817b3bdff071db3bce33f7c730381	urn:uuid:0fd64927-a626-446e-abc9-3304dbcbc792
https://api.idigbio.org/v2/media/d29bca5d-760b-4ded-86d1-a108506dbeed?size=thumbnail	http://purl.org/pav/hasVersion	hash://sha256/143bdb03c031c64bbe6bf2e924d4a762c617c198c7def0fa615f037b289668d6	urn:uuid:8be7d283-1a3b-4ebb-b926-a96208c9d616
https://api.idigbio.org/v2/media/d29bca5d-760b-4ded-86d1-a108506dbeed?size=webview	http://purl.org/pav/hasVersion	hash://sha256/99fa95df6dc2ab52f1dd57f523087c760a6a7a2bf454e00abaf77d9d7f8bad3b	urn:uuid:cb98f34d-3aca-4552-b3c8-0351e656162f
https://api.idigbio.org/v2/media/d29bca5d-760b-4ded-86d1-a108506dbeed?size=fullsize	http://purl.org/pav/hasVersion	hash://sha256/5216310c8810e194621169edd17160e5f49458a4d172a540d1db6e6f81c19099	urn:uuid:9c953743-69ae-46fe-84b2-6ed5a06d33c9
https://search.idigbio.org/v2/view/mediarecords/3a59d104-8a6a-45b7-a074-c693058bf56d	http://purl.org/pav/hasVersion	hash://sha256/c0da9b802acd1469421ba20984b8edf57bf6d60c8a92d8a9d446d389de589ba2	urn:uuid:012e8e48-d77f-4594-9732-a22c569e856e
https://api.idigbio.org/v2/media/3a59d104-8a6a-45b7-a074-c693058bf56d?size=thumbnail	http://purl.org/pav/hasVersion	hash://sha256/45dbeb7e75676b73077a58507a95f88d492c5be24b835745ed7d59db7ece0e0b	urn:uuid:f63d64d8-e1fa-4b0e-9df0-3aa6defcef87
https://api.idigbio.org/v2/media/3a59d104-8a6a-45b7-a074-c693058bf56d?size=webview	http://purl.org/pav/hasVersion	hash://sha256/5ffc4e1f4657019f674523292dd451b6c7faf223670f387f1177560923ff097e	urn:uuid:98b294cc-dcc7-419d-8fd0-9e4f0652c611
https://api.idigbio.org/v2/media/3a59d104-8a6a-45b7-a074-c693058bf56d?size=fullsize	http://purl.org/pav/hasVersion	hash://sha256/479b9a49abab06193c8635838434cdb9422e0f534389727bc0fe3ebc17982b7d	urn:uuid:f816aed6-e266-490f-a6bd-13bf4b45750c
https://scan-bugs.org:443/imglib/scan/MSU_MSUC/201511/MSUC20341_1447205892.jpg	http://purl.org/pav/hasVersion	hash://sha256/aced5185f0a3e5da487907f733674e6a6a4fc3df52df7f9a39674f6e6c36ea1e	urn:uuid:071f667d-6f9a-45b1-9175-50a6328e8c29
https://scan-bugs.org:443/imglib/scan/MSU_MSUC/201511/MSUC20343_1447205923.jpg	http://purl.org/pav/hasVersion	hash://sha256/ebbce2d44287569d415df02dd4cab2231309b9b9dc2cd86c3233845abfa7d722	urn:uuid:1beb4a33-7dd4-435d-833e-50816c5b4d6e
https://scan-bugs.org:443/imglib/scan/MSU_MSUC/201511/MSUC20344_1447205933.jpg	http://purl.org/pav/hasVersion	hash://sha256/eac2bb6d5ab528e6e75e540f0c50fe4dd6bee3e546f9fe9a11c8abe44ce049e2	urn:uuid:e9303613-878c-4002-ac76-25257c9ed1ef
https://scan-bugs.org:443/imglib/scan/MSU_MSUC/201511/MSUC20342_1447205901.jpg	http://purl.org/pav/hasVersion	hash://sha256/05472f870d3ab1898c87d5c090a45c3c4f2214b10784d5076b2b7c5fc5d5ccc6	urn:uuid:b7b6b5b9-edb4-4cc2-9b83-51eaa64d34bc
https://scan-bugs.org:443/imglib/scan/MSU_MSUC/201511/MSUC20339_1447205873.jpg	http://purl.org/pav/hasVersion	hash://sha256/f52882d3b9fdc0e36d0ffad05c2bea7afe0f49d9e11e8c1ac67ba2c85ea5955c	urn:uuid:3e472719-1f81-40d4-81d1-b7b60fbf419b
https://scan-bugs.org:443/imglib/scan/MSU_MSUC/201511/MSUC20340_1447205883.jpg	http://purl.org/pav/hasVersion	hash://sha256/25f29074c736fed100adeeb699d2e7764e6ce4d0c80dcd62cc0ef75452140e28	urn:uuid:efc4c225-705c-455a-aa44-f98e242928b6
https://scan-bugs.org:443/imglib/scan/MSU_MSUC/201511/MSUC20350_1447205995.jpg	http://purl.org/pav/hasVersion	hash://sha256/29e0114dcd6b1e648958e66f8ddf3ca42a4141d8133f93e9edfd9c34180d282b	urn:uuid:98734cfa-48a4-4030-b751-f17bf75e5f6a
https://scan-bugs.org:443/imglib/scan/MSU_MSUC/201511/MSUC20347_1447205963.jpg	http://purl.org/pav/hasVersion	hash://sha256/d76e9cd0001019ceafa6018ee08fe29dcbc32e194ba25b7abf44f28b4f6d2908	urn:uuid:f271d7af-ba11-45df-8335-196d79990901
https://scan-bugs.org:443/imglib/scan/MSU_MSUC/201511/MSUC20349_1447205984.jpg	http://purl.org/pav/hasVersion	hash://sha256/750607dc670dbbdd3926ad59f24f1317203328c485a6f3deb19980117bd2ae80	urn:uuid:553af8ef-e32d-4c3b-9698-4f52bdf12866
https://scan-bugs.org:443/imglib/scan/MSU_MSUC/201511/MSUC20245_1447204796.jpg	http://purl.org/pav/hasVersion	hash://sha256/3e7b544b40529c801e44ed81c55ade30d636d98314a9872443ab6173297daa2d	urn:uuid:4c862174-cef8-4690-95fa-385901bb8d5a
https://scan-bugs.org:443/imglib/scan/MSU_MSUC/201511/MSUC20338_1447205865.jpg	http://purl.org/pav/hasVersion	hash://sha256/870ac3ba638a86a9d62e6f131623488e93ca553dcf258cabeae8b7c881937422	urn:uuid:47844ae7-8eaf-4170-bd8e-e6e0f13d78ab
https://scan-bugs.org:443/imglib/scan/MSU_MSUC/201511/MSUC20346_1447205954.jpg	http://purl.org/pav/hasVersion	hash://sha256/9c0393aecba467ec9d8c6cafb76fa60e7bb3d9047340c58dfd1c9de25aedfc5d	urn:uuid:e5a0c452-6ace-499d-b118-c67b2d315f6a
https://scan-bugs.org:443/imglib/scan/MSU_MSUC/201511/MSUC20345_1447205943.jpg	http://purl.org/pav/hasVersion	hash://sha256/0852a8a448213c3997696de69d5c366b7579a80d25d4ba113d6f01aa7525ebe7	urn:uuid:11c2ca6c-b086-4548-88fa-3c8651094382
https://scan-bugs.org:443/imglib/scan/MSU_MSUC/201511/MSUC20244_1447204786.jpg	http://purl.org/pav/hasVersion	hash://sha256/87389dea687f46d9c6fc77bf758f4308c303c22d3bc564b64b242e3054a6a9c4	urn:uuid:55539013-6765-4f26-bd06-04f4d1bae112
https://scan-bugs.org:443/imglib/scan/MSU_MSUC/201511/MSUC20351_1447206003.jpg	http://purl.org/pav/hasVersion	hash://sha256/6936e2cd5e8b245e3f3768292c7384f2d678205779004258fd3faf1d0adaf202	urn:uuid:3b9e74cc-9aa4-466a-9802-e7addd22404d
